{"1": {"time": [0.3, 0.2, 0.2, 0.2, 0.2, 0.2, 0.2, 0.2, 0.2, 0.2, 0.23102760314941406, 0.2028942108154297, 0.2338886260986328], "moves": [1, 1, 1, 1, 1, 1, 1, 1, 1, 1, 1, 1, 1]}, "2": {"time": [0.3, 0.3, 0.3, 0.3, 0.3, 0.3, 0.3, 0.3, 0.3, 0.3, 0.3161430358886719, 0.32830238342285156, 0.881195068359375, 0.4222393035888672, 0.41794776916503906], "moves": [2, 2, 2, 2, 2, 2, 2, 2, 2, 2, 2, 2, 2, 2, 2]}, "3": {"time": [0.6, 0.6, 0.6, 0.6, 0.6, 0.7, 0.6, 0.6, 0.6, 0.6, 0.5588531494140625, 0.5738735198974609, 0.5609989166259766, 0.4699230194091797, 0.5478858947753906, 0.579833984375, 0.6930828094482422, 0.49304962158203125, 0.5850791931152344], "moves": [3, 3, 3, 3, 3, 3, 3, 3, 3, 3, 3, 3, 3, 3, 3, 3, 3, 3, 3]}, "4": {"time": [0.6, 0.9, 0.7, 0.7, 0.7, 0.7, 0.7, 0.7, 0.7, 0.7, 0.7688999176025391, 0.6968975067138672, 0.8039474487304688, 0.640869140625, 0.7429122924804688, 0.7288455963134766, 0.6909370422363281, 0.6959438323974609, 0.7989406585693359, 0.7421970367431641, 0.5881786346435547], "moves": [4, 4, 4, 4, 4, 4, 4, 4, 4, 4, 4, 4, 4, 4, 4, 4, 4, 4, 4, 4, 4]}, "5": {"time": [0.8, 0.9, 1.0, 0.9, 0.9, 0.8, 1.0, 0.9, 0.9, 0.9, 1.0280609130859375, 1.0008811950683594, 1.0180473327636719, 0.8702278137207031, 1.6329288482666016, 0.9419918060302734, 0.823974609375, 1.2240409851074219, 1.1141300201416016, 0.9887218475341797, 0.8189678192138672], "moves": [5, 5, 5, 5, 5, 5, 5, 5, 5, 5, 5, 5, 5, 5, 5, 5, 5, 5, 5, 5, 5]}, "6": {"time": [1.1, 1.0, 1.0, 1.1, 1.0, 1.1, 1.1, 1.0, 1.1, 1.0, 0.9593963623046875, 1.4500617980957031, 1.062154769897461, 1.2369155883789062, 0.9951591491699219, 1.112222671508789, 1.1699199676513672, 0.9701251983642578, 0.9050369262695312, 0.8351802825927734, 0.7791519165039062], "moves": [6, 6, 6, 6, 6, 6, 6, 6, 6, 6, 6, 6, 6, 6, 6, 6, 6, 6, 6, 6, 6]}, "7": {"time": [1.3, 1.2, 1.2, 1.4, 1.2, 1.3, 1.3, 1.2, 1.2, 1.2, 1.1758804321289062, 1.38092041015625, 1.0848045349121094, 1.5339851379394531, 1.1909008026123047, 2.813100814819336, 1.1341571807861328, 1.2011528015136719, 1.5320777893066406, 1.33514404296875, 1.260995864868164], "moves": [7, 7, 7, 7, 7, 7, 7, 7, 7, 7, 7, 7, 7, 7, 7, 7, 7, 7, 7, 7, 7]}, "8": {"time": [1.7, 1.6, 1.5, 1.6, 1.5, 1.5, 2.0, 1.6, 1.6, 1.6, 1.730203628540039, 2.2552013397216797, 1.772165298461914, 1.3058185577392578, 1.9803047180175781, 1.8830299377441406, 1.3759136199951172, 2.1839141845703125, 1.7428398132324219, 1.9519329071044922, 1.4088153839111328], "moves": [8, 8, 8, 8, 8, 8, 8, 8, 8, 8, 8, 8, 8, 8, 8, 8, 8, 8, 8, 8, 8]}, "9": {"time": [1.7, 1.7, 1.7, 1.8, 1.7, 1.7, 1.7, 1.7, 1.7, 1.7, 2.9032230377197266, 2.2377967834472656, 2.4919509887695312, 1.714944839477539, 2.0182132720947266, 1.405954360961914, 1.8007755279541016, 1.8129348754882812, 1.8749237060546875, 1.6582012176513672, 3.56292724609375], "moves": [9, 9, 9, 9, 9, 9, 9, 9, 9, 9, 9, 9, 9, 9, 9, 9, 9, 9, 9, 9, 9]}, "10": {"time": [2.4, 2.7, 2.6, 2.6, 2.4, 2.6, 2.4, 2.4, 2.4, 2.4, 2.8760433197021484, 3.8318634033203125, 3.5419464111328125, 1.6021728515625, 2.220630645751953, 4.266023635864258, 1.5251636505126953, 2.1588802337646484, 5.841970443725586, 1.5339851379394531, 1.5590190887451172], "moves": [10, 10, 10, 10, 10, 10, 10, 10, 10, 10, 10, 10, 10, 10, 10, 10, 10, 10, 10, 10, 10]}, "11": {"time": [5.7, 5.3, 5.4, 5.7, 5.4, 5.3, 6.5, 5.3, 6.3, 5.8, 5.283117294311523, 2.932310104370117, 2.6090145111083984, 2.1088123321533203, 7.92694091796875, 9.27591323852539, 5.74493408203125, 4.381895065307617, 4.059076309204102, 5.499839782714844, 3.0982494354248047], "moves": [11, 11, 11, 11, 11, 11, 11, 11, 11, 11, 11, 11, 11, 11, 11, 11, 11, 11, 11, 11, 11]}, "12": {"time": [3.3, 2.9, 3.1, 3.2, 4.0, 2.9, 2.9, 2.9, 3.6, 2.9, 2.8018951416015625, 2.780914306640625, 2.9592514038085938, 2.115964889526367, 4.375696182250977, 3.309011459350586, 4.828929901123047, 3.240823745727539, 15.751838684082031, 2.9702186584472656, 3.309965133666992], "moves": [12, 12, 12, 12, 12, 12, 12, 12, 12, 12, 12, 12, 12, 12, 12, 12, 12, 12, 12, 12, 12]}, "13": {"time": [4.8, 6.8, 4.2, 5.0, 4.2, 4.2, 4.5, 4.2, 4.5, 4.8, 4.600048065185547, 2.3598670959472656, 7.493019104003906, 3.7899017333984375, 2.1860599517822266, 5.67317008972168, 5.246162414550781, 11.319160461425781, 7.12895393371582, 3.6170482635498047, 13.958930969238281], "moves": [13, 13, 13, 13, 13, 13, 13, 13, 13, 13, 13, 13, 13, 13, 13, 13, 13, 13, 13, 13, 13]}, "14": {"time": [17.5, 20.9, 16.9, 17.0, 17.7, 17.8, 20.1, 16.3, 17.6, 16.9, 18.45693588256836, 5.046844482421875, 3.718852996826172, 8.880138397216797, 19.58489418029785, 12.720823287963867, 23.720979690551758, 4.824161529541016, 25.24089813232422, 3.528118133544922, 3.1960010528564453], "moves": [14, 14, 14, 14, 14, 14, 14, 14, 14, 14, 14, 14, 14, 14, 14, 14, 14, 14, 14, 14, 14]}, "15": {"time": [37.2, 38.0, 38.3, 35.8, 34.8, 38.6, 38.4, 36.8, 38.1, 36.1, 40.740013122558594, 31.113862991333008, 14.622926712036133, 5.715847015380859, 10.773897171020508, 22.08995819091797, 8.349895477294922, 27.37712860107422, 32.59682655334473, 29.28781509399414, 37.915945053100586], "moves": [15, 15, 15, 15, 15, 15, 15, 15, 15, 15, 15, 15, 15, 15, 15, 15, 15, 15, 15, 15, 15]}, "16": {"time": [3.8, 3.6, 3.4, 3.5, 3.7, 3.5, 3.7, 3.4, 3.4, 3.4, 3.4360885620117188, 85.08110046386719, 13.312101364135742, 6.297111511230469, 19.053936004638672, 73.14300537109375, 29.438018798828125, 62.09993362426758, 25.84218978881836, 66.27607345581055, 44.699907302856445], "moves": [16, 16, 16, 16, 16, 16, 16, 16, 16, 16, 16, 16, 16, 16, 16, 16, 16, 16, 16, 16, 16]}, "17": {"time": [52.0, 55.2, 52.3, 51.3, 50.5, 53.4, 52.9, 53.9, 54.9, 49.9, 46.82779312133789, 85.07394790649414, 4.7130584716796875, 38.5279655456543, 20.071744918823242, 77.49605178833008, 7.3947906494140625, 50.0330924987793, 30.305862426757812, 8.754968643188477, 38.038015365600586], "moves": [17, 17, 17, 17, 17, 17, 17, 17, 17, 17, 17, 17, 17, 17, 17, 17, 17, 17, 17, 17, 17]}, "18": {"time": [163.4, 174.9, 166.3, 173.2, 167.8, 161.7, 168.2, 177.6, 173.6, 163.6, 160.74419021606445, 127.58398056030273, 173.9940643310547, 12.076139450073242, 147.98212051391602, 39.49284553527832, 311.0160827636719, 13.929128646850586, 48.35391044616699, 195.7228183746338, 35.01605987548828], "moves": [18, 18, 18, 18, 18, 18, 18, 18, 18, 18, 18, 18, 18, 18, 18, 18, 18, 18, 18, 18, 18]}, "19": {"time": [59.4, 58.4, 61.4, 60.3, 59.8, 66.8, 62.6, 58.2, 60.3, 58.0, 58.852195739746094, 330.3229808807373, 24.464845657348633, 80.76214790344238, 434.4160556793213, 173.8901138305664, 89.40887451171875, 121.75226211547852, 92.61107444763184, 68.91608238220215, 154.2370319366455], "moves": [19, 19, 19, 19, 19, 19, 19, 19, 19, 19, 19, 19, 19, 19, 19, 19, 19, 19, 19, 19, 19]}, "20": {"time": [116.3, 125.3, 124.5, 123.7, 118.5, 122.1, 122.4, 119.6, 124.8, 112.4, 116.94502830505371, 88.94920349121094, 228.69110107421875, 370.42784690856934, 1029.080867767334, 466.56203269958496, 731.8058013916016, 2235.5830669403076, 33.63990783691406, 110.34893989562988, 143.88728141784668], "moves": [20, 20, 20, 20, 20, 20, 20, 20, 20, 20, 20, 20, 20, 20, 20, 20, 20, 20, 20, 20, 20]}, "21": {"time": [122.3, 131.4, 132.3, 128.8, 123.5, 120.2, 126.9, 116.4, 124.3, 127.8, 119.79317665100098, 1531.2552452087402, 849.6809005737305, 294.7227954864502, 365.7269477844238, 799.8929023742676, 71.82788848876953, 404.13403511047363, 540.0569438934326, 120.12696266174316, 488.0850315093994], "moves": [21, 21, 21, 21, 21, 21, 21, 21, 21, 21, 21, 21, 21, 21, 21, 21, 21, 21, 21, 21, 21]}, "22": {"time": [1610.5, 1623.7, 1592.3, 1648.1, 1619.8, 1623.5, 1646.4, 1615.7, 1602.8, 1620.8, 1539.8190021514893, 1739.6249771118164, 170.98689079284668, 455.6550979614258, 1387.8660202026367, 194.7932243347168, 534.1091156005859, 425.94099044799805, 1040.7342910766602, 435.744047164917, 629.3809413909912], "moves": [22, 22, 22, 22, 22, 22, 22, 22, 22, 22, 22, 22, 22, 22, 22, 22, 22, 22, 22, 22, 22]},