{"1": {"time": [0.2, 0.3, 0.2, 0.2, 0.2, 0.2, 0.2, 0.3, 0.2, 0.2, 0.2110004425048828, 0.21886825561523438, 0.4322528839111328], "moves": [1, 1, 1, 1, 1, 1, 1, 1, 1, 1, 1, 1, 1]}, "2": {"time": [0.4, 0.3, 0.3, 0.3, 0.3, 0.3, 0.3, 0.3, 0.3, 0.3, 0.2892017364501953, 0.34809112548828125, 0.3838539123535156, 0.4029273986816406, 0.29015541076660156], "moves": [2, 2, 2, 2, 2, 2, 2, 2, 2, 2, 2, 2, 2, 2, 2]}, "3": {"time": [0.6, 0.5, 0.5, 0.5, 0.5, 0.5, 0.6, 0.5, 0.5, 0.5, 0.514984130859375, 0.4611015319824219, 0.5331039428710938, 0.66375732421875, 0.5211830139160156, 0.42891502380371094, 1.9838809967041016, 0.5400180816650391, 0.80108642578125], "moves": [3, 3, 3, 3, 3, 3, 3, 3, 3, 3, 3, 3, 3, 3, 3, 3, 3, 3, 3]}, "4": {"time": [0.7, 0.8, 0.6, 0.7, 0.6, 0.6, 0.6, 0.6, 0.7, 0.6, 0.6477832794189453, 0.6792545318603516, 0.6971359252929688, 0.6639957427978516, 0.6558895111083984, 0.6549358367919922, 1.1408329010009766, 1.2097358703613281, 0.6656646728515625, 0.6577968597412109, 0.8139610290527344], "moves": [4, 4, 4, 4, 4, 4, 4, 4, 4, 4, 4, 4, 4, 4, 4, 4, 4, 4, 4, 4, 4]}, "5": {"time": [0.8, 0.8, 0.8, 0.8, 0.8, 0.8, 0.8, 0.8, 0.9, 0.8, 0.7836818695068359, 0.8392333984375, 1.5180110931396484, 0.8552074432373047, 0.8227825164794922, 0.7760524749755859, 0.9553432464599609, 1.1379718780517578, 0.9820461273193359, 0.8568763732910156, 0.8761882781982422], "moves": [5, 5, 5, 5, 5, 5, 5, 5, 5, 5, 5, 5, 5, 5, 5, 5, 5, 5, 5, 5, 5]}, "6": {"time": [0.9, 0.9, 0.9, 0.9, 0.9, 0.9, 0.9, 0.9, 0.9, 1.0, 0.9021759033203125, 2.1860599517822266, 1.093149185180664, 1.0979175567626953, 1.5139579772949219, 1.8513202667236328, 1.035928726196289, 0.9810924530029297, 0.9028911590576172, 2.3412704467773438, 1.085042953491211], "moves": [6, 6, 6, 6, 6, 6, 6, 6, 6, 6, 6, 6, 6, 6, 6, 6, 6, 6, 6, 6, 6]}, "7": {"time": [1.2, 1.0, 1.1, 1.6, 1.1, 1.1, 1.1, 1.0, 1.1, 1.2, 2.942800521850586, 1.497030258178711, 45.027971267700195, 2.437114715576172, 1.7011165618896484, 1.1529922485351562, 1.9428730010986328, 1.0776519775390625, 1.0449886322021484, 3.998994827270508, 1.1820793151855469], "moves": [7, 7, 7, 7, 7, 7, 7, 7, 7, 7, 7, 7, 51, 7, 7, 7, 7, 7, 7, 7, 7]}, "8": {"time": [1.5, 1.4, 1.7, 1.6, 1.4, 1.6, 1.6, 1.4, 1.5, 1.4, 2.0749568939208984, 1.3651847839355469, 1.8167495727539062, 1.1551380157470703, 25.717973709106445, 1.5399456024169922, 2.7208328247070312, 47.0128059387207, 4.307031631469727, 25.94590187072754, 3.7660598754882812], "moves": [8, 8, 8, 8, 8, 8, 8, 8, 8, 8, 8, 8, 8, 8, 46, 8, 8, 52, 8, 48, 8]}, "9": {"time": [1.6, 1.7, 1.6, 1.9, 1.6, 1.6, 1.6, 1.6, 1.8, 1.6, 2.6040077209472656, 28.393983840942383, 155.46798706054688, 1.4519691467285156, 2.1581649780273438, 47.33395576477051, 3.6339759826660156, 2.437114715576172, 1.255035400390625, 1.672983169555664, 1.332998275756836], "moves": [9, 9, 9, 9, 9, 9, 9, 9, 9, 9, 9, 51, 31, 9, 9, 53, 9, 9, 9, 9, 9]}, "10": {"time": [30.1, 27.2, 31.4, 26.7, 25.7, 28.3, 27.9, 25.9, 28.6, 26.7, 27.41718292236328, 1.6541481018066406, 90.11602401733398, 3.7670135498046875, 9.495019912719727, 1.4960765838623047, 1.4548301696777344, 12.70604133605957, 31.704187393188477, 1.6720294952392578, 33.37907791137695], "moves": [52, 52, 52, 52, 52, 52, 52, 52, 52, 52, 52, 10, 40, 10, 10, 10, 10, 26, 42, 10, 50]}, "11": {"time": [25.5, 24.1, 27.1, 27.3, 25.8, 27.4, 25.5, 25.0, 25.1, 27.3, 27.087926864624023, 1.9745826721191406, 4.420995712280273, 1.7747879028320312, 202.1188735961914, 175.64010620117188, 40.4660701751709, 2.0830631256103516, 1.8041133880615234, 3.1599998474121094, 17.448902130126953], "moves": [47, 47, 47, 47, 47, 47, 47, 47, 47, 47, 47, 11, 11, 11, 73, 61, 53, 11, 11, 11, 23]}, "12": {"time": [122.5, 154.2, 128.9, 126.7, 123.2, 125.4, 126.8, 116.4, 131.7, 124.2, 138.96799087524414, 22.207021713256836, 20.593881607055664, 131.38508796691895, 2.03704833984375, 18.131017684936523, 59.14616584777832, 2.794981002807617, 76.04408264160156, 11.415958404541016, 248.15893173217773], "moves": [68, 68, 68, 68, 68, 68, 68, 68, 68, 68, 68, 42, 36, 46, 12, 32, 26, 12, 48, 12, 70]}, "13": {"time": [9.2, 9.1, 12.8, 10.3, 9.8, 10.3, 10.6, 8.9, 10.0, 11.4, 12.028932571411133, 3.793001174926758, 23.83112907409668, 334.0308666229248, 9.834051132202148, 2.166748046875, 61.370849609375, 2.9969215393066406, 219.20514106750488, 26.202917098999023, 3.1070709228515625], "moves": [29, 29, 29, 29, 29, 29, 29, 29, 29, 29, 29, 13, 43, 77, 21, 13, 19, 13, 45, 43, 13]}, "14": {"time": [40.0, 44.9, 39.1, 38.3, 48.1, 37.9, 40.2, 35.3, 39.5, 37.0, 41.812896728515625, 86.33589744567871, 60.526132583618164, 30.712127685546875, 15.185832977294922, 20.473957061767578, 36.875009536743164, 338.4740352630615, 152.89974212646484, 342.8463935852051, 8.685827255249023], "moves": [54, 54, 54, 54, 54, 54, 54, 54, 54, 54, 54, 40, 28, 44, 22, 32, 54, 82, 54, 90, 26]}, "15": {"time": [126.6, 126.7, 126.7, 124.1, 120.9, 134.2, 126.7, 119.3, 128.6, 129.2, 130.49793243408203, 6.583929061889648, 144.28997039794922, 6.526947021484375, 193.4199333190918, 44.99197006225586, 8.506298065185547, 44.33465003967285, 128.65400314331055, 237.65087127685547, 109.41624641418457], "moves": [41, 41, 41, 41, 41, 41, 41, 41, 41, 41, 41, 21, 59, 15, 49, 47, 15, 55, 41, 73, 33]}, "16": {"time": [3.2, 3.4, 3.2, 3.3, 4.0, 3.5, 3.2, 3.2, 3.2, 3.2, 3.237009048461914, 124.15099143981934, 48.150062561035156, 29.10900115966797, 14.168977737426758, 127.20704078674316, 109.3907356262207, 23.816823959350586, 115.43893814086914, 13.58485221862793, 40.21883010864258], "moves": [16, 16, 16, 16, 16, 16, 16, 16, 16, 16, 16, 48, 52, 42, 22, 52, 62, 42, 62, 16, 42]}, "17": {"time": [7.2, 7.3, 7.3, 7.2, 7.0, 7.6, 7.6, 15.1, 7.4, 8.3, 8.435964584350586, 119.78507041931152, 53.878068923950195, 13.235807418823242, 107.99002647399902, 37.963151931762695, 172.67918586730957, 189.78095054626465, 32.964229583740234, 22.243022918701172, 126.98507308959961], "moves": [21, 21, 21, 21, 21, 21, 21, 21, 21, 21, 21, 61, 67, 29, 59, 53, 65, 45, 51, 31, 57]}, "18": {"time": [15.2, 17.2, 15.9, 16.5, 16.7, 16.6, 16.8, 15.7, 16.8, 15.9, 17.38119125366211, 42.09780693054199, 193.67694854736328, 169.43097114562988, 251.9843578338623, 82.1390151977539, 4.392147064208984, 139.20211791992188, 101.46617889404297, 158.98585319519043, 29.700040817260742], "moves": [24, 24, 24, 24, 24, 24, 24, 24, 24, 24, 24, 62, 90, 62, 80, 36, 18, 50, 46, 64, 46]}, "19": {"time": [106.0, 105.4, 107.7, 106.4, 105.4, 113.4, 108.8, 98.9, 108.1, 106.4, 104.79211807250977, 222.27931022644043, 241.49799346923828, 6.087064743041992, 97.36299514770508, 194.0929889678955, 14.955997467041016, 162.93692588806152, 51.8338680267334, 31.144142150878906, 41.96500778198242], "moves": [51, 51, 51, 51, 51, 51, 51, 51, 51, 51, 51, 73, 73, 27, 49, 45, 29, 73, 59, 41, 35]}, "20": {"time": [17.6, 18.9, 20.8, 18.4, 17.3, 18.0, 19.1, 19.3, 18.1, 17.3, 18.78809928894043, 49.7286319732666, 43.35212707519531, 15.072822570800781, 72.74389266967773, 66.5438175201416, 158.65302085876465, 6.395101547241211, 37.732839584350586, 241.2421703338623, 158.59723091125488], "moves": [28, 28, 28, 28, 28, 28, 28, 28, 28, 28, 28, 52, 64, 28, 28, 32, 70, 22, 40, 74, 44]}, "21": {"time": [52.7, 50.3, 49.7, 60.3, 49.3, 49.9, 52.1, 46.9, 50.2, 50.1, 49.96919631958008, 171.56481742858887, 6.020784378051758, 207.11898803710938, 130.55706024169922, 283.07104110717773, 41.90993309020996, 92.17691421508789, 85.75272560119629, 142.82917976379395, 91.89105033874512], "moves": [53, 53, 53, 53, 53, 53, 53, 53, 53, 53, 53, 67, 27, 45, 59, 73, 25, 67, 69, 65, 43]}, "22": {"time": [18.5, 21.0, 20.0, 23.1, 18.4, 22.0, 19.6, 20.3, 22.0, 22.1, 26.201725006103516, 166.71395301818848, 35.58802604675293, 55.75704574584961, 32.2260856628418, 299.1940975189209, 46.97895050048828, 174.27992820739746, 266.5729522705078, 191.99180603027344, 147.72891998291016], "moves": [44, 44, 44, 44, 44, 44, 44, 44, 44, 44, 44, 64, 56, 50, 54, 86, 56, 66, 70, 96, 66]},