{"1": {"time": [0.2, 0.3, 0.2, 0.2, 0.2, 0.2, 0.2, 0.3, 0.2, 0.2, 0.2110004425048828, 0.21886825561523438, 0.4322528839111328, 0.24199485778808594, 0.22792816162109375], "moves": [1, 1, 1, 1, 1, 1, 1, 1, 1, 1, 1, 1, 1, 1, 1]}, "2": {"time": [0.4, 0.3, 0.3, 0.3, 0.3, 0.3, 0.3, 0.3, 0.3, 0.3, 0.2892017364501953, 0.34809112548828125, 0.3838539123535156, 0.4029273986816406, 0.29015541076660156, 0.3788471221923828, 0.47516822814941406, 0.6320476531982422, 0.42319297790527344], "moves": [2, 2, 2, 2, 2, 2, 2, 2, 2, 2, 2, 2, 2, 2, 2, 2, 2, 2, 2]}, "3": {"time": [0.6, 0.5, 0.5, 0.5, 0.5, 0.5, 0.6, 0.5, 0.5, 0.5, 0.514984130859375, 0.4611015319824219, 0.5331039428710938, 0.66375732421875, 0.5211830139160156, 0.42891502380371094, 1.9838809967041016, 0.5400180816650391, 0.80108642578125, 0.8399486541748047, 0.55694580078125, 0.6299018859863281, 0.5471706390380859, 0.43392181396484375, 0.5428791046142578, 0.4391670227050781, 0.6151199340820312], "moves": [3, 3, 3, 3, 3, 3, 3, 3, 3, 3, 3, 3, 3, 3, 3, 3, 3, 3, 3, 3, 3, 3, 3, 3, 3, 3, 3]}, "4": {"time": [0.7, 0.8, 0.6, 0.7, 0.6, 0.6, 0.6, 0.6, 0.7, 0.6, 0.6477832794189453, 0.6792545318603516, 0.6971359252929688, 0.6639957427978516, 0.6558895111083984, 0.6549358367919922, 1.1408329010009766, 1.2097358703613281, 0.6656646728515625, 0.6577968597412109, 0.8139610290527344, 0.6642341613769531, 0.6573200225830078, 0.6289482116699219, 0.6682872772216797, 0.6432533264160156, 0.6601810455322266, 0.6291866302490234, 0.640869140625, 0.6482601165771484, 0.6427764892578125], "moves": [4, 4, 4, 4, 4, 4, 4, 4, 4, 4, 4, 4, 4, 4, 4, 4, 4, 4, 4, 4, 4, 4, 4, 4, 4, 4, 4, 4, 4, 4, 4]}, "5": {"time": [0.8, 0.8, 0.8, 0.8, 0.8, 0.8, 0.8, 0.8, 0.9, 0.8, 0.7836818695068359, 0.8392333984375, 1.5180110931396484, 0.8552074432373047, 0.8227825164794922, 0.7760524749755859, 0.9553432464599609, 1.1379718780517578, 0.9820461273193359, 0.8568763732910156, 0.8761882781982422, 0.7181167602539062, 0.7979869842529297, 0.888824462890625, 1.2090206146240234, 1.0001659393310547, 0.8177757263183594, 1.013040542602539, 1.3341903686523438, 0.8640289306640625, 1.6641616821289062], "moves": [5, 5, 5, 5, 5, 5, 5, 5, 5, 5, 5, 5, 5, 5, 5, 5, 5, 5, 5, 5, 5, 5, 5, 5, 5, 5, 5, 5, 5, 5, 5]}, "6": {"time": [0.9, 0.9, 0.9, 0.9, 0.9, 0.9, 0.9, 0.9, 0.9, 1.0, 0.9021759033203125, 2.1860599517822266, 1.093149185180664, 1.0979175567626953, 1.5139579772949219, 1.8513202667236328, 1.035928726196289, 0.9810924530029297, 0.9028911590576172, 2.3412704467773438, 1.085042953491211, 1.3320446014404297, 1.0628700256347656, 1.6357898712158203, 0.9858608245849609, 1.0249614715576172, 4.323005676269531, 1.0230541229248047, 0.8862018585205078, 1.1749267578125, 0.9279251098632812], "moves": [6, 6, 6, 6, 6, 6, 6, 6, 6, 6, 6, 6, 6, 6, 6, 6, 6, 6, 6, 6, 6, 6, 6, 6, 6, 6, 6, 6, 6, 6, 6]}, "7": {"time": [1.2, 1.0, 1.1, 1.6, 1.1, 1.1, 1.1, 1.0, 1.1, 1.2, 2.942800521850586, 1.497030258178711, 45.027971267700195, 2.437114715576172, 1.7011165618896484, 1.1529922485351562, 1.9428730010986328, 1.0776519775390625, 1.0449886322021484, 3.998994827270508, 1.1820793151855469, 1.7371177673339844, 0.9911060333251953, 1.1699199676513672, 2.6848316192626953, 1.1758804321289062, 4.325151443481445, 1.1970996856689453, 1.6329288482666016, 1.1358261108398438, 1.0890960693359375], "moves": [7, 7, 7, 7, 7, 7, 7, 7, 7, 7, 7, 7, 51, 7, 7, 7, 7, 7, 7, 7, 7, 7, 7, 7, 7, 7, 7, 7, 7, 7, 7]}, "8": {"time": [1.5, 1.4, 1.7, 1.6, 1.4, 1.6, 1.6, 1.4, 1.5, 1.4, 2.0749568939208984, 1.3651847839355469, 1.8167495727539062, 1.1551380157470703, 25.717973709106445, 1.5399456024169922, 2.7208328247070312, 47.0128059387207, 4.307031631469727, 25.94590187072754, 3.7660598754882812, 1.2302398681640625, 1.397848129272461, 1.5230178833007812, 2.3741722106933594, 1.4219284057617188, 4.352807998657227, 4.671812057495117, 1.280069351196289, 1.7840862274169922, 3.6411285400390625], "moves": [8, 8, 8, 8, 8, 8, 8, 8, 8, 8, 8, 8, 8, 8, 46, 8, 8, 52, 8, 48, 8, 8, 8, 8, 8, 8, 8, 8, 8, 8, 8]}, "9": {"time": [1.6, 1.7, 1.6, 1.9, 1.6, 1.6, 1.6, 1.6, 1.8, 1.6, 2.6040077209472656, 28.393983840942383, 155.46798706054688, 1.4519691467285156, 2.1581649780273438, 47.33395576477051, 3.6339759826660156, 2.437114715576172, 1.255035400390625, 1.672983169555664, 1.332998275756836, 1.7669200897216797, 1.4538764953613281, 1.3399124145507812, 3.175973892211914, 46.173095703125, 33.351898193359375, 1.722097396850586, 25.22587776184082, 25.871992111206055, 3.7980079650878906], "moves": [9, 9, 9, 9, 9, 9, 9, 9, 9, 9, 9, 51, 31, 9, 9, 53, 9, 9, 9, 9, 9, 9, 9, 9, 9, 57, 53, 9, 41, 39, 9]}, "10": {"time": [30.1, 27.2, 31.4, 26.7, 25.7, 28.3, 27.9, 25.9, 28.6, 26.7, 27.41718292236328, 1.6541481018066406, 90.11602401733398, 3.7670135498046875, 9.495019912719727, 1.4960765838623047, 1.4548301696777344, 12.70604133605957, 31.704187393188477, 1.6720294952392578, 33.37907791137695, 102.86116600036621, 1.992940902709961, 3.592967987060547, 151.75199508666992, 1.6529560089111328, 1.4920234680175781, 225.39210319519043, 1.6870498657226562, 18.32890510559082, 1.5740394592285156], "moves": [52, 52, 52, 52, 52, 52, 52, 52, 52, 52, 52, 10, 40, 10, 10, 10, 10, 26, 42, 10, 50, 58, 10, 10, 32, 10, 10, 66, 10, 28, 10]}, "11": {"time": [25.5, 24.1, 27.1, 27.3, 25.8, 27.4, 25.5, 25.0, 25.1, 27.3, 27.087926864624023, 1.9745826721191406, 4.420995712280273, 1.7747879028320312, 202.1188735961914, 175.64010620117188, 40.4660701751709, 2.0830631256103516, 1.8041133880615234, 3.1599998474121094, 17.448902130126953, 2.1581649780273438, 198.2738971710205, 23.372888565063477, 116.65892601013184, 85.65902709960938, 19.405841827392578, 1.5943050384521484, 18.06783676147461, 28.89394760131836, 70.05190849304199], "moves": [47, 47, 47, 47, 47, 47, 47, 47, 47, 47, 47, 11, 11, 11, 73, 61, 53, 11, 11, 11, 23, 11, 71, 41, 55, 35, 35, 11, 31, 39, 27]}, "12": {"time": [122.5, 154.2, 128.9, 126.7, 123.2, 125.4, 126.8, 116.4, 131.7, 124.2, 138.96799087524414, 22.207021713256836, 20.593881607055664, 131.38508796691895, 2.03704833984375, 18.131017684936523, 59.14616584777832, 2.794981002807617, 76.04408264160156, 11.415958404541016, 248.15893173217773, 12.180089950561523, 2.025127410888672, 26.634931564331055, 77.30603218078613, 114.77494239807129, 2.4781227111816406, 137.21227645874023, 51.58495903015137, 2.6292800903320312, 97.85795211791992], "moves": [68, 68, 68, 68, 68, 68, 68, 68, 68, 68, 68, 42, 36, 46, 12, 32, 26, 12, 48, 12, 70, 30, 12, 44, 26, 36, 14, 68, 14, 14, 30]}, "13": {"time": [9.2, 9.1, 12.8, 10.3, 9.8, 10.3, 10.6, 8.9, 10.0, 11.4, 12.028932571411133, 3.793001174926758, 23.83112907409668, 334.0308666229248, 9.834051132202148, 2.166748046875, 61.370849609375, 2.9969215393066406, 219.20514106750488, 26.202917098999023, 3.1070709228515625, 23.868083953857422, 45.17984390258789, 28.187036514282227, 76.16114616394043, 3.618001937866211, 200.3939151763916, 29.031038284301758, 110.00990867614746, 12.230873107910156, 33.94794464111328], "moves": [29, 29, 29, 29, 29, 29, 29, 29, 29, 29, 29, 13, 43, 77, 21, 13, 19, 13, 45, 43, 13, 43, 49, 31, 61, 13, 69, 37, 57, 29, 33]}, "14": {"time": [40.0, 44.9, 39.1, 38.3, 48.1, 37.9, 40.2, 35.3, 39.5, 37.0, 41.812896728515625, 86.33589744567871, 60.526132583618164, 30.712127685546875, 15.185832977294922, 20.473957061767578, 36.875009536743164, 338.4740352630615, 152.89974212646484, 342.8463935852051, 8.685827255249023, 156.3699245452881, 11.613845825195312, 183.45403671264648, 25.83909034729004, 11.816740036010742, 105.27205467224121, 112.88189888000488, 25.072813034057617, 22.711992263793945, 8.706092834472656], "moves": [54, 54, 54, 54, 54, 54, 54, 54, 54, 54, 54, 40, 28, 44, 22, 32, 54, 82, 54, 90, 26, 50, 30, 48, 32, 26, 34, 34, 48, 36, 20]},