{"1": {"time": [0.1, 0.1, 0.1, 0.1, 0.2, 0.1, 0.1, 0.1, 0.1, 0.2, 0.19025802612304688], "moves": [1, 1, 1, 1, 1, 1, 1, 1, 1, 1, 1]}, "2": {"time": [0.1, 0.1, 0.2, 0.1, 0.2, 0.2, 0.1, 0.2, 0.2, 0.1, 0.19288063049316406], "moves": [2, 2, 2, 2, 2, 2, 2, 2, 2, 2, 2]}, "3": {"time": [0.3, 0.3, 0.3, 0.3, 0.3, 0.3, 0.3, 0.3, 0.3, 0.4, 0.3421306610107422], "moves": [3, 3, 3, 3, 3, 3, 3, 3, 3, 3, 3]}, "4": {"time": [0.4, 0.4, 0.4, 0.4, 0.4, 0.4, 0.4, 0.4, 0.7, 0.4, 0.43201446533203125], "moves": [4, 4, 4, 4, 4, 4, 4, 4, 4, 4, 4]}, "5": {"time": [0.4, 0.4, 0.4, 0.4, 0.4, 0.4, 0.4, 0.4, 0.4, 1.0, 0.45108795166015625], "moves": [5, 5, 5, 5, 5, 5, 5, 5, 5, 5, 5]}, "6": {"time": [0.6, 0.5, 0.5, 0.5, 0.5, 0.6, 0.6, 0.5, 0.6, 0.5, 0.8389949798583984], "moves": [6, 6, 6, 6, 6, 6, 6, 6, 6, 6, 6]}, "7": {"time": [0.7, 0.6, 0.6, 0.6, 0.6, 0.7, 0.6, 0.6, 0.6, 0.6, 0.7922649383544922], "moves": [7, 7, 7, 7, 7, 7, 7, 7, 7, 7, 7]}, "8": {"time": [0.7, 0.6, 0.6, 0.6, 0.6, 0.6, 0.7, 0.6, 0.6, 0.6, 0.7770061492919922], "moves": [8, 8, 8, 8, 8, 8, 8, 8, 8, 8, 8]}, "9": {"time": [0.6, 0.7, 0.7, 0.8, 0.6, 0.8, 0.7, 0.7, 0.6, 0.6, 1.277923583984375], "moves": [9, 9, 9, 9, 9, 9, 9, 9, 9, 9, 9]}, "10": {"time": [0.8, 0.9, 1.0, 0.9, 0.8, 0.9, 0.8, 0.8, 0.8, 0.8, 0.9911060333251953], "moves": [10, 10, 10, 10, 10, 10, 10, 10, 10, 10, 10]}, "11": {"time": [0.9, 0.9, 0.9, 1.5, 0.9, 0.9, 1.0, 0.9, 0.9, 1.2, 1.1332035064697266], "moves": [11, 11, 11, 11, 11, 11, 11, 11, 11, 11, 11]}, "12": {"time": [0.9, 1.0, 1.6, 0.9, 1.0, 0.9, 1.0, 0.9, 0.9, 0.9, 1.0879039764404297], "moves": [12, 12, 12, 12, 12, 12, 12, 12, 12, 12, 12]}, "13": {"time": [1.1, 1.1, 1.0, 1.2, 1.0, 1.0, 1.2, 1.0, 1.0, 1.1, 1.6760826110839844], "moves": [13, 13, 13, 13, 13, 13, 13, 13, 13, 13, 13]}, "14": {"time": [1.2, 1.1, 1.2, 1.2, 1.2, 1.2, 1.1, 1.1, 1.2, 1.2, 2.0258426666259766], "moves": [14, 14, 14, 14, 14, 14, 14, 14, 14, 14, 14]}, "15": {"time": [1.0, 1.2, 1.1, 1.1, 1.1, 1.2, 1.1, 1.1, 1.1, 1.1, 1.2903213500976562], "moves": [15, 15, 15, 15, 15, 15, 15, 15, 15, 15, 15]}, "16": {"time": [1.9, 1.2, 1.2, 1.2, 1.2, 1.4, 1.2, 1.2, 1.2, 1.2, 1.4467239379882812], "moves": [16, 16, 16, 16, 16, 16, 16, 16, 16, 16, 16]}, "17": {"time": [1.3, 1.4, 1.3, 1.5, 1.3, 1.7, 1.5, 2.6, 1.3, 1.3, 1.5790462493896484], "moves": [17, 17, 17, 17, 17, 17, 17, 17, 17, 17, 17]}, "18": {"time": [1.2, 1.7, 1.2, 1.2, 1.4, 1.2, 1.2, 1.2, 1.4, 1.2, 1.6908645629882812], "moves": [18, 18, 18, 18, 18, 18, 18, 18, 18, 18, 18]}, "19": {"time": [1.3, 1.5, 1.3, 1.5, 1.3, 1.7, 1.3, 1.3, 1.3, 1.3, 1.5811920166015625], "moves": [19, 19, 19, 19, 19, 19, 19, 19, 19, 19, 19]}, "20": {"time": [1.6, 1.5, 2.5, 1.4, 1.5, 1.6, 1.6, 1.6, 1.4, 1.4, 1.6841888427734375], "moves": [20, 20, 20, 20, 20, 20, 20, 20, 20, 20, 20]}, "21": {"time": [1.6, 1.8, 1.7, 1.6, 2.1, 1.9, 1.6, 1.6, 1.8, 1.8, 1.9710063934326172], "moves": [21, 21, 21, 21, 21, 21, 21, 21, 21, 21, 21]}, "22": {"time": [1.7, 1.6, 1.7, 1.6, 1.8, 2.1, 1.8, 1.8, 2.0, 2.5, 1.9249916076660156], "moves": [22, 22, 22, 22, 22, 22, 22, 22, 22, 22, 22]}, "23": {"time": [1.8, 1.9, 1.7, 1.7, 3.1, 1.7, 1.7, 1.6, 1.9, 1.7, 1.9609928131103516], "moves": [23, 23, 23, 23, 23, 23, 23, 23, 23, 23, 23]}, "24": {"time": [1.7, 1.9, 1.8, 1.7, 1.8, 1.7, 1.7, 1.7, 1.9, 1.7, 2.028942108154297], "moves": [24, 24, 24, 24, 24, 24, 24, 24, 24, 24, 24]}, "25": {"time": [1.7, 1.7, 1.8, 1.8, 2.5, 1.7, 1.6, 1.6, 1.6, 1.8, 2.1750926971435547], "moves": [25, 25, 25, 25, 25, 25, 25, 25, 25, 25, 25]}, "26": {"time": [1.8, 1.8, 1.9, 1.8, 2.0, 1.8, 1.8, 1.8, 1.9, 1.8, 2.7751922607421875], "moves": [26, 26, 26, 26, 26, 26, 26, 26, 26, 26, 26]}, "27": {"time": [1.9, 2.3, 1.8, 2.1, 1.8, 1.8, 2.7, 1.8, 1.8, 2.0, 2.2029876708984375], "moves": [27, 27, 27, 27, 27, 27, 27, 27, 27, 27, 27]}, "28": {"time": [2.6, 2.8, 2.1, 2.0, 2.3, 2.1, 2.1, 2.0, 3.7, 2.0, 2.3980140686035156], "moves": [28, 28, 28, 28, 28, 28, 28, 28, 28, 28, 28]}, "29": {"time": [2.0, 2.0, 2.0, 2.1, 2.3, 2.3, 2.0, 2.0, 2.0, 2.0, 2.7840137481689453], "moves": [29, 29, 29, 29, 29, 29, 29, 29, 29, 29, 29]}, "30": {"time": [2.6, 2.0, 2.0, 2.0, 2.3, 2.0, 2.0, 2.2, 2.1, 2.1, 2.8591156005859375], "moves": [30, 30, 30, 30, 30, 30, 30, 30, 30, 30, 30]}, "31": {"time": [2.1, 2.5, 2.3, 2.0, 2.6, 2.0, 2.0, 2.0, 2.1, 2.0, 2.707242965698242], "moves": [31, 31, 31, 31, 31, 31, 31, 31, 31, 31, 31]}}