{"1": {"time": [0.1, 0.1, 0.1, 0.1, 0.2, 0.1, 0.1, 0.1, 0.1, 0.2, 0.19025802612304688, 0.18906593322753906, 0.1709461212158203], "moves": [1, 1, 1, 1, 1, 1, 1, 1, 1, 1, 1, 1, 1]}, "2": {"time": [0.1, 0.1, 0.2, 0.1, 0.2, 0.2, 0.1, 0.2, 0.2, 0.1, 0.19288063049316406, 0.4191398620605469, 0.3941059112548828, 0.2307891845703125, 0.3561973571777344], "moves": [2, 2, 2, 2, 2, 2, 2, 2, 2, 2, 2, 2, 2, 2, 2]}, "3": {"time": [0.3, 0.3, 0.3, 0.3, 0.3, 0.3, 0.3, 0.3, 0.3, 0.4, 0.3421306610107422, 0.40602684020996094, 0.36978721618652344, 0.38909912109375, 0.3960132598876953, 0.5869865417480469, 0.3857612609863281, 0.34880638122558594, 0.36215782165527344], "moves": [3, 3, 3, 3, 3, 3, 3, 3, 3, 3, 3, 3, 3, 3, 3, 3, 3, 3, 3]}, "4": {"time": [0.4, 0.4, 0.4, 0.4, 0.4, 0.4, 0.4, 0.4, 0.7, 0.4, 0.43201446533203125, 0.5338191986083984, 0.49114227294921875, 0.4458427429199219, 0.4291534423828125, 0.49567222595214844, 0.41484832763671875, 0.5340576171875, 0.5068778991699219, 0.5848407745361328, 0.4267692565917969], "moves": [4, 4, 4, 4, 4, 4, 4, 4, 4, 4, 4, 4, 4, 4, 4, 4, 4, 4, 4, 4, 4]}, "5": {"time": [0.4, 0.4, 0.4, 0.4, 0.4, 0.4, 0.4, 0.4, 0.4, 1.0, 0.45108795166015625, 0.6191730499267578, 0.4811286926269531, 0.6060600280761719, 0.5168914794921875, 0.5238056182861328, 1.4908313751220703, 0.5600452423095703, 0.5371570587158203, 0.48804283142089844, 0.6029605865478516], "moves": [5, 5, 5, 5, 5, 5, 5, 5, 5, 5, 5, 5, 5, 5, 5, 5, 5, 5, 5, 5, 5]}, "6": {"time": [0.6, 0.5, 0.5, 0.5, 0.5, 0.6, 0.6, 0.5, 0.6, 0.5, 0.8389949798583984, 0.5340576171875, 0.6170272827148438, 0.4799365997314453, 0.8094310760498047, 0.6682872772216797, 0.8449554443359375, 0.6542205810546875, 0.6430149078369141, 0.6051063537597656, 0.7579326629638672], "moves": [6, 6, 6, 6, 6, 6, 6, 6, 6, 6, 6, 6, 6, 6, 6, 6, 6, 6, 6, 6, 6]}, "7": {"time": [0.7, 0.6, 0.6, 0.6, 0.6, 0.7, 0.6, 0.6, 0.6, 0.6, 0.7922649383544922, 0.7259845733642578, 0.759124755859375, 0.6580352783203125, 1.1861324310302734, 0.8749961853027344, 0.6699562072753906, 0.7162094116210938, 0.6420612335205078, 0.8840560913085938, 0.9000301361083984], "moves": [7, 7, 7, 7, 7, 7, 7, 7, 7, 7, 7, 7, 7, 7, 7, 7, 7, 7, 7, 7, 7]}, "8": {"time": [0.7, 0.6, 0.6, 0.6, 0.6, 0.6, 0.7, 0.6, 0.6, 0.6, 0.7770061492919922, 0.8471012115478516, 0.7321834564208984, 0.8308887481689453, 0.6899833679199219, 0.7328987121582031, 0.9489059448242188, 0.8199214935302734, 0.8168220520019531, 0.9808540344238281, 0.7750988006591797], "moves": [8, 8, 8, 8, 8, 8, 8, 8, 8, 8, 8, 8, 8, 8, 8, 8, 8, 8, 8, 8, 8]}, "9": {"time": [0.6, 0.7, 0.7, 0.8, 0.6, 0.8, 0.7, 0.7, 0.6, 0.6, 1.277923583984375, 0.8318424224853516, 0.8749961853027344, 0.8900165557861328, 0.8540153503417969, 0.8802413940429688, 1.1780261993408203, 0.8540153503417969, 1.0046958923339844, 0.7472038269042969, 0.8759498596191406], "moves": [9, 9, 9, 9, 9, 9, 9, 9, 9, 9, 9, 9, 9, 9, 9, 9, 9, 9, 9, 9, 9]}, "10": {"time": [0.8, 0.9, 1.0, 0.9, 0.8, 0.9, 0.8, 0.8, 0.8, 0.8, 0.9911060333251953, 0.8869171142578125, 1.1548995971679688, 1.1172294616699219, 0.9779930114746094, 1.2819766998291016, 0.9140968322753906, 1.081228256225586, 1.0149478912353516, 1.024007797241211, 0.9279251098632812], "moves": [10, 10, 10, 10, 10, 10, 10, 10, 10, 10, 10, 10, 10, 10, 10, 10, 10, 10, 10, 10, 10]}, "11": {"time": [0.9, 0.9, 0.9, 1.5, 0.9, 0.9, 1.0, 0.9, 0.9, 1.2, 1.1332035064697266, 1.0209083557128906, 1.0747909545898438, 1.2440681457519531, 1.2569427490234375, 1.0411739349365234, 1.010894775390625, 1.0223388671875, 1.2238025665283203, 1.0149478912353516, 1.0771751403808594], "moves": [11, 11, 11, 11, 11, 11, 11, 11, 11, 11, 11, 11, 11, 11, 11, 11, 11, 11, 11, 11, 11]}, "12": {"time": [0.9, 1.0, 1.6, 0.9, 1.0, 0.9, 1.0, 0.9, 0.9, 0.9, 1.0879039764404297, 1.1858940124511719, 1.1582374572753906, 1.516103744506836, 1.1861324310302734, 1.0590553283691406, 0.9951591491699219, 1.055002212524414, 2.115011215209961, 1.0480880737304688, 1.786947250366211], "moves": [12, 12, 12, 12, 12, 12, 12, 12, 12, 12, 12, 12, 12, 12, 12, 12, 12, 12, 12, 12, 12]}, "13": {"time": [1.1, 1.1, 1.0, 1.2, 1.0, 1.0, 1.2, 1.0, 1.0, 1.1, 1.6760826110839844, 1.1348724365234375, 1.068115234375, 1.2280941009521484, 1.3651847839355469, 1.2958049774169922, 1.332998275756836, 1.4500617980957031, 1.2280941009521484, 1.2979507446289062, 1.3780593872070312], "moves": [13, 13, 13, 13, 13, 13, 13, 13, 13, 13, 13, 13, 13, 13, 13, 13, 13, 13, 13, 13, 13]}, "14": {"time": [1.2, 1.1, 1.2, 1.2, 1.2, 1.2, 1.1, 1.1, 1.2, 1.2, 2.0258426666259766, 1.4679431915283203, 1.4908313751220703, 1.2722015380859375, 1.394033432006836, 2.007007598876953, 1.2590885162353516, 1.2350082397460938, 1.45721435546875, 1.2030601501464844, 1.474142074584961], "moves": [14, 14, 14, 14, 14, 14, 14, 14, 14, 14, 14, 14, 14, 14, 14, 14, 14, 14, 14, 14, 14]}, "15": {"time": [1.0, 1.2, 1.1, 1.1, 1.1, 1.2, 1.1, 1.1, 1.1, 1.1, 1.2903213500976562, 1.4820098876953125, 1.3260841369628906, 2.1240711212158203, 1.798868179321289, 1.5099048614501953, 1.5211105346679688, 1.3580322265625, 2.0389556884765625, 2.1178722381591797, 1.4190673828125], "moves": [15, 15, 15, 15, 15, 15, 15, 15, 15, 15, 15, 15, 15, 15, 15, 15, 15, 15, 15, 15, 15]}, "16": {"time": [1.9, 1.2, 1.2, 1.2, 1.2, 1.4, 1.2, 1.2, 1.2, 1.2, 1.4467239379882812, 1.5659332275390625, 1.5740394592285156, 2.0837783813476562, 1.5900135040283203, 1.3058185577392578, 1.6200542449951172, 1.7211437225341797, 1.8038749694824219, 1.3818740844726562, 1.5587806701660156], "moves": [16, 16, 16, 16, 16, 16, 16, 16, 16, 16, 16, 16, 16, 16, 16, 16, 16, 16, 16, 16, 16]}, "17": {"time": [1.3, 1.4, 1.3, 1.5, 1.3, 1.7, 1.5, 2.6, 1.3, 1.3, 1.5790462493896484, 1.8317699432373047, 1.4309883117675781, 1.5721321105957031, 2.012968063354492, 1.4259815216064453, 1.6210079193115234, 1.4300346374511719, 2.074003219604492, 1.743316650390625, 1.6951560974121094], "moves": [17, 17, 17, 17, 17, 17, 17, 17, 17, 17, 17, 17, 17, 17, 17, 17, 17, 17, 17, 17, 17]}, "18": {"time": [1.2, 1.7, 1.2, 1.2, 1.4, 1.2, 1.2, 1.2, 1.4, 1.2, 1.6908645629882812, 2.4480819702148438, 1.5668869018554688, 1.7468929290771484, 1.8019676208496094, 2.293109893798828, 1.5888214111328125, 1.5101432800292969, 1.730203628540039, 1.5511512756347656, 1.64794921875], "moves": [18, 18, 18, 18, 18, 18, 18, 18, 18, 18, 18, 18, 18, 18, 18, 18, 18, 18, 18, 18, 18]}, "19": {"time": [1.3, 1.5, 1.3, 1.5, 1.3, 1.7, 1.3, 1.3, 1.3, 1.3, 1.5811920166015625, 1.7552375793457031, 1.688241958618164, 1.7552375793457031, 1.5139579772949219, 2.4988651275634766, 2.7921199798583984, 1.8301010131835938, 1.64794921875, 1.9862651824951172, 1.8160343170166016], "moves": [19, 19, 19, 19, 19, 19, 19, 19, 19, 19, 19, 19, 19, 19, 19, 19, 19, 19, 19, 19, 19]}, "20": {"time": [1.6, 1.5, 2.5, 1.4, 1.5, 1.6, 1.6, 1.6, 1.4, 1.4, 1.6841888427734375, 2.0999908447265625, 2.6187896728515625, 2.0380020141601562, 1.825094223022461, 1.7309188842773438, 1.928091049194336, 1.7428398132324219, 2.2499561309814453, 1.8417835235595703, 1.9199848175048828], "moves": [20, 20, 20, 20, 20, 20, 20, 20, 20, 20, 20, 20, 20, 20, 20, 20, 20, 20, 20, 20, 20]}, "21": {"time": [1.6, 1.8, 1.7, 1.6, 2.1, 1.9, 1.6, 1.6, 1.8, 1.8, 1.9710063934326172, 2.418041229248047, 2.9287338256835938, 1.9268989562988281, 3.0939579010009766, 1.992940902709961, 1.8758773803710938, 1.8787384033203125, 2.792835235595703, 2.0601749420166016, 2.4878978729248047], "moves": [21, 21, 21, 21, 21, 21, 21, 21, 21, 21, 21, 21, 21, 21, 21, 21, 21, 21, 21, 21, 21]}, "22": {"time": [1.7, 1.6, 1.7, 1.6, 1.8, 2.1, 1.8, 1.8, 2.0, 2.5, 1.9249916076660156, 2.087116241455078, 1.9080638885498047, 2.2668838500976562, 1.9750595092773438, 2.1300315856933594, 1.8432140350341797, 1.9767284393310547, 1.878976821899414, 2.0821094512939453, 2.1219253540039062], "moves": [22, 22, 22, 22, 22, 22, 22, 22, 22, 22, 22, 22, 22, 22, 22, 22, 22, 22, 22, 22, 22]},